﻿itemID,ctrlNo,itemName,description,qty,unit,brand,model,serialNo,capacity,itemCondition,accountable,IDNumber,acquiredDate,purchasePrice,notes,settingsID,itemCategory,itemSubCategory,processDate,qtyShortage,shortageValue,fundCluster,PARNo,aDepreciation,aLosses,adjustments,aCost,OAC,estUsefulLife,DepreciationRate,office,ICSNo,Supplier,itemType,Qualification
1,WCMCPU002FEMO,System Unit,,1,unit,,,,,Good,,2014077,01/01/2024,0,"Pulled out by Archertech Inc. for integration - August 11, 2022
      - CPU File Server

[02/10/2023] - On premise Network Controller",1,Machinery and Equipment,ICT Equipment,,,,,1222,,,,10,,5,,,123,,,
2,WCMMTB00005,Motherboard,,1,unit,ASUS,P5KPL-AM SE,9BM0AD359072,,Good,,2014077,02/01/2024,0,,1,Machinery and Equipment,ICT Equipment,,,,,,,,,,,,,,,,,
3,WCMMTB00006,Motherboard,,1,unit,ASUS,P8H61-MLE,B3M0AC488115,,Good,,2014077,03/01/2024,0,,1,Machinery and Equipment,ICT Equipment,,,,,,,,,,,,,,,,,
4,WCMMTB00007,Motherboard,,1,unit,ASUS,P8H61-MLE,C8M0CS078686,,Good,,2014077,04/01/2024,0,,1,Machinery and Equipment,ICT Equipment,,,,,,,,,,,,,,,,,
5,WCMPRINT0002,Printer,,1,unit,HP,HP Deskjet Ink Advantage 2135,,,Good,,2014077,05/01/2024,0,"not printing, cartridge not recognized",1,Machinery and Equipment,ICT Equipment,,,,,,,,,,,,,,,,,
6,WCMKB00026,Peripherals,,1,unit,A4TECH,,,,Good,,2014077,06/01/2024,0,Good working condition,1,Machinery and Equipment,ICT Equipment,,,,,,,,,,,,,,,,,
7,WCMCPU00001,CPU/Processor,,1,unit,Intel,i7-9700,80YR357000722,,Good,,2014077,07/01/2024,0,File Server CPU,1,Machinery and Equipment,ICT Equipment,,,,,,,,,,,,,,,,,
8,WCMCPU00002,CPU/Processor,,1,unit,Intel,i5-8400,M9471WJ700853,,Good,,2014077,08/01/2024,0,Domain Controller CPU,1,Machinery and Equipment,ICT Equipment,,,,,,,,,,,,,,,,,
9,WCMWLR00012,Wi-Fi Router,,1,unit,TP-Link,AC750,,,Good,,2014077,09/01/2024,0,installed at room 304,1,Machinery and Equipment,ICT Equipment,,,,,,,,,,,,,,,,,
10,WCMCPU00003,CPU/Processor,,1,unit,Intel,i3-9100,U92T2J2600171,,Good,,2014077,10/01/2024,0,Firewall CPU,1,Machinery and Equipment,ICT Equipment,,,,,,,,,,,,,,,,,
11,WCMCPU00004,CPU/Processor,,1,unit,Intel,i3-9100,U94J7Y2601711,,Good,,2014077,11/01/2024,0,New Registrar PC CPU,1,Machinery and Equipment,ICT Equipment,,,,,,,,,,,,,,,,,
12,WCMCPU00005,CPU/Processor,,1,unit,Intel,i3-10100,80FD386704460,,Good,,2014077,12/01/2024,0,New Registrar Staff PC CPU,1,Machinery and Equipment,ICT Equipment,,,,,,,,,,,,,,,,,
13,WCMWLR00006,,,1,unit,TP-Link,TL-WR940N,,,Good,,2014077,13/01/2024,0,Active,1,Machinery and Equipment,ICT Equipment,,,,,,,,,,,,,,,,,
14,WCMWLR00007,Wi-Fi Router,,1,unit,TP-Link,TL-WR940N,,,Good,,2014077,14/01/2024,0,Active,1,Machinery and Equipment,ICT Equipment,,,,,,,,,,,,,,,,,
15,WCMWLR00008,Wi-Fi Router,,1,unit,Tenda,AC2100,E9721011031001589,,Good,,2014077,15/01/2024,0,Active,1,Machinery and Equipment,ICT Equipment,,,,,,,,,,,,,,,,,
16,WCMWLR00009,Wi-Fi Router,,1,unit,Tenda,AC2100,E9721011031001003,,Good,,2014077,16/01/2024,0,Active,1,Machinery and Equipment,ICT Equipment,,,,,,,,,,,,,,,,,
17,WCMMTB00001,Motherboard,,1,unit,Gigabyte,H310M H 2.0,SN191260009173,,Good,,2014077,17/01/2024,0,ACTIVE,1,Machinery and Equipment,ICT Equipment,,,,,,,,,,,,,,,,,
18,WCMMTB00002,Motherboard,,1,unit,Gigabyte,H310M H 2.0,,,Good,,2014077,18/01/2024,0,ACTIVE,1,Machinery and Equipment,ICT Equipment,,,,,,,,,,,,,,,,,
19,WCMMTB00003,Motherboard,,1,unit,MSI,H310M Pro-M2 Plus,601-7C08-070B1908003424,,Good,,2014077,19/01/2024,0,File Server,1,Machinery and Equipment,ICT Equipment,,,,,,,,,,,,,,,,,
20,WCMMTB00004,Motherboard,,1,unit,MSI,H310M Pro-M2 Plus,601-7C08-070B1908003423,,Good,,2014077,20/01/2024,0,Registrar,1,Machinery and Equipment,ICT Equipment,,,,,,,,,,,,,,,,,
21,WCMMTB00008,Motherboard,,1,unit,Gigabyte,H410M HY,SN203460061851,,Good,,2014077,21/01/2024,0,Registrar Staff (Cora),1,Machinery and Equipment,ICT Equipment,,,,,,,,,,,,,,,,,
22,WCMKB00014,Peripherals,,1,unit,,,,,Good,,2014077,22/01/2024,0,In good condition,1,Machinery and Equipment,ICT Equipment,,,,,,,,,,,,,,,,,
23,WCMKB00015,Peripherals,,1,unit,,,,,Good,,2014077,23/01/2024,0,In good condition,1,Machinery and Equipment,ICT Equipment,,,,,,,,,,,,,,,,,
24,WCMKB00016,Tablet,,1,unit,,,,,Good,,2014077,24/01/2024,0,In good condition,1,Machinery and Equipment,ICT Equipment,,,,,,,,,,,,,,,,,
25,WCMKB00017,Peripherals,,1,unit,,,,,Good,,2014077,25/01/2024,0,In good condition,1,Machinery and Equipment,ICT Equipment,,,,,,,,,,,,,,,,,
26,WCMKB00018,Peripherals,,1,unit,,,,,Good,,2014077,26/01/2024,0,"In good condition
",1,Machinery and Equipment,ICT Equipment,,,,,,,,,,,,,,,,,
27,WCMKB00019,Peripherals,,1,unit,,,,,Good,,2014077,27/01/2024,0,In good condition,1,Machinery and Equipment,ICT Equipment,,,,,,,,,,,,,,,,,
28,WCMKB00020,Peripherals,,1,unit,,,,,Good,,2014077,28/01/2024,0,In good condition,1,Machinery and Equipment,ICT Equipment,,,,,,,,,,,,,,,,,
29,WCMVGA00014,Cables,,1,unit,,,,,Good,,2014077,29/01/2024,0,In good condition,1,Machinery and Equipment,ICT Equipment,,,,,,,,,,,,,,,,,
30,WCMVGA00015,Cables,,1,unit,,,,,Good,,2014077,30/01/2024,0,In good condition,1,Machinery and Equipment,ICT Equipment,,,,,,,,,,,,,,,,,
31,WCMVGA00016,Cables,,1,unit,,,,,Good,,2014077,31/01/2024,0,In good condition,1,Machinery and Equipment,ICT Equipment,,,,,,,,,,,,,,,,,
32,WCMVGA00017,Cables,,1,unit,,,,,Good,,2014077,01/02/2024,0,In good condition,1,Machinery and Equipment,ICT Equipment,,,,,,,,,,,,,,,,,
33,WCMVGA00018,Cables,,1,unit,,,,,Good,,2014077,02/02/2024,0,In good condition,1,Machinery and Equipment,ICT Equipment,,,,,,,,,,,,,,,,,
34,WCMVGA00019,Cables,,1,unit,,,,,Good,,2014077,03/02/2024,0,In good condition,1,Machinery and Equipment,ICT Equipment,,,,,,,,,,,,,,,,,
35,WCMVGA00020,Cables,,1,unit,,,,,Good,,2014077,04/02/2024,0,In good condition,1,Machinery and Equipment,ICT Equipment,,,,,,,,,,,,,,,,,
36,WCMVGA00021,Cables,,1,unit,,,,,Good,,2014077,05/02/2024,0,In good condition,1,Machinery and Equipment,ICT Equipment,,,,,,,,,,,,,,,,,
37,WCMVGA00022,Cables,,1,unit,,,,,Good,,2014077,06/02/2024,0,In good condition,1,Machinery and Equipment,ICT Equipment,,,,,,,,,,,,,,,,,
38,WCMVGA00023,Cables,,1,unit,,,,,Good,,2014077,07/02/2024,0,In good condition,1,Machinery and Equipment,ICT Equipment,,,,,,,,,,,,,,,,,
39,WCMVGA00024,Cables,,1,unit,,,,,Good,,2014077,08/02/2024,0,In good condition,1,Machinery and Equipment,ICT Equipment,,,,,,,,,,,,,,,,,
40,WCMVGA00025,Cables,,1,unit,,,,,Good,,2014077,09/02/2024,0,In good condition,1,Machinery and Equipment,ICT Equipment,,,,,,,,,,,,,,,,,
41,WCMHDMI00001,Cables,,1,unit,,,,,Good,,2014077,10/02/2024,0,vga-hdmi cable not tested,1,Machinery and Equipment,ICT Equipment,,,,,,,,,,,,,,,,,
42,WCMVGA00026,Cables,,1,unit,,,,,Good,,2014077,11/02/2024,0,In good condition,1,Machinery and Equipment,ICT Equipment,,,,,,,,,,,,,,,,,
43,WCMVGA00027,Cables,,1,unit,,,,,Good,,2014077,12/02/2024,0,vga long cable not tested,1,Machinery and Equipment,ICT Equipment,,,,,,,,,,,,,,,,,
44,WCMVGA00028,Cables,,1,unit,,,,,Good,,2014077,13/02/2024,0,vga long cable not tested,1,Machinery and Equipment,ICT Equipment,,,,,,,,,,,,,,,,,
45,WCMCBL00024,Cables,,1,unit,,,,,Good,,2014077,14/02/2024,0,In good condition,1,Machinery and Equipment,ICT Equipment,,,,,,,,,,,,,,,,,
46,WCMCBL00025,Cables,,1,unit,,,,,Good,,2014077,15/02/2024,0,In good condition,1,Machinery and Equipment,ICT Equipment,,,,,,,,,,,,,,,,,
47,WCMCBL00026,Cables,,1,unit,,,,,Good,,2014077,16/02/2024,0,In good condition,1,Machinery and Equipment,ICT Equipment,,,,,,,,,,,,,,,,,
48,WCMCBL00027,Cables,,1,unit,,,,,Good,,2014077,17/02/2024,0,In good condition,1,Machinery and Equipment,ICT Equipment,,,,,,,,,,,,,,,,,
49,WCMCBL00028,Cables,,1,unit,,,,,Good,,2014077,18/02/2024,0,In good condition,1,Machinery and Equipment,ICT Equipment,,,,,,,,,,,,,,,,,
50,WCMCBL00029,Cables,,1,unit,,,,,Good,,2014077,19/02/2024,0,In good condition,1,Machinery and Equipment,ICT Equipment,,,,,,,,,,,,,,,,,
51,WCMCBL00030,Cables,,1,unit,,,,,Good,,2014077,20/02/2024,0,In good condition,1,Machinery and Equipment,ICT Equipment,,,,,,,,,,,,,,,,,
52,WCMCBL00032,Cables,,1,unit,,,,,Good,,2014077,21/02/2024,0,In good condition,1,Machinery and Equipment,ICT Equipment,,,,,,,,,,,,,,,,,
53,WCMCBL00033,Cables,,1,unit,,,,,Good,,2014077,22/02/2024,0,In good condition,1,Machinery and Equipment,ICT Equipment,,,,,,,,,,,,,,,,,
54,WCMCBL00034,Cables,,1,unit,,,,,Good,,2014077,23/02/2024,0,In good condition,1,Machinery and Equipment,ICT Equipment,,,,,,,,,,,,,,,,,
55,WCMCBL00035,Cables,,1,unit,,,,,Good,,2014077,24/02/2024,0,In good condition,1,Machinery and Equipment,ICT Equipment,,,,,,,,,,,,,,,,,
56,WCMCBL00036,Cables,,1,unit,,,,,Good,,2014077,25/02/2024,0,In good condition,1,Machinery and Equipment,ICT Equipment,,,,,,,,,,,,,,,,,
57,WCMCBL00037,Cables,,1,unit,,,,,Good,,2014077,26/02/2024,0,In good condition,1,Machinery and Equipment,ICT Equipment,,,,,,,,,,,,,,,,,
58,WCMCBL00038,Cables,,1,unit,,,,,Good,,2014077,27/02/2024,0,In good condition,1,Machinery and Equipment,ICT Equipment,,,,,,,,,,,,,,,,,
59,WCMCBL00039,Cables,,1,unit,,,,,Good,,2014077,28/02/2024,0,In good condition,1,Machinery and Equipment,ICT Equipment,,,,,,,,,,,,,,,,,
60,WCMCBL00040,Cables,,1,unit,,,,,Good,,2014077,29/02/2024,0,In good condition,1,Machinery and Equipment,ICT Equipment,,,,,,,,,,,,,,,,,
61,WCMCBL00041,Cables,,1,unit,,,,,Good,,2014077,01/03/2024,0,"In good condition
",1,Machinery and Equipment,ICT Equipment,,,,,,,,,,,,,,,,,
62,WCMCBL00042,Cables,,1,unit,,,,,Good,,2014077,02/03/2024,0,In good condition,1,Machinery and Equipment,ICT Equipment,,,,,,,,,,,,,,,,,
63,WCMCBL00043,Cables,,1,unit,,,,,Good,,2014077,03/03/2024,0,In good condition,1,Machinery and Equipment,ICT Equipment,,,,,,,,,,,,,,,,,
64,WCMCBL00044,Cables,,1,unit,,,,,Good,,2014077,04/03/2024,0,In good condition,1,Machinery and Equipment,ICT Equipment,,,,,,,,,,,,,,,,,
65,WCMCBL00045,Cables,,1,unit,,,,,Good,,2014077,05/03/2024,0,In good condition,1,Machinery and Equipment,ICT Equipment,,,,,,,,,,,,,,,,,
66,WCMCBL00047,Cables,,1,unit,,,,,Good,,2014077,06/03/2024,0,In good condition,1,Machinery and Equipment,ICT Equipment,,,,,,,,,,,,,,,,,
67,WCMCBL00049,Cables,,1,unit,,,,,Good,,2014077,07/03/2024,0,In good condition,1,Machinery and Equipment,ICT Equipment,,,,,,,,,,,,,,,,,
68,WCMCBL00050,Cables,,1,unit,,,,,Good,,2014077,08/03/2024,0,In good condition,1,Machinery and Equipment,ICT Equipment,,,,,,,,,,,,,,,,,
69,WCMCBL00046,Cables,,1,unit,,,,,Good,,2014077,09/03/2024,0,In good condition,1,Machinery and Equipment,ICT Equipment,,,,,,,,,,,,,,,,,
70,WCMCPU001FEMO,System Unit,,1,unit,,,,,Good,,2014077,10/03/2024,0,"Pulled out by Archertech, Inc. for integration - August 11, 2022
        - CPU Firewall",1,Machinery and Equipment,ICT Equipment,,,,,,,,,,,,,,,,,
71,WCM-Logic AVR,AVR,,1,unit,,,,,Good,,2014077,11/03/2024,0,Good working condition,1,Machinery and Equipment,ICT Equipment,,,,,,,,,,,,,,,,,
72,WCMKB00021,Peripherals,,1,unit,,,,,Good,,2014077,12/03/2024,0,Malfunctioning keys,1,Machinery and Equipment,ICT Equipment,,,,,,,,,,,,,,,,,
73,WCMKB00022,Peripherals,,1,unit,,,,,Good,,2014077,13/03/2024,0,Malfunctioning keys,1,Machinery and Equipment,ICT Equipment,,,,,,,,,,,,,,,,,
74,WCMKB00023,Peripherals,,1,unit,,,,,Good,,2014077,14/03/2024,0,Malfunctioning keys,1,Machinery and Equipment,ICT Equipment,,,,,,,,,,,,,,,,,
75,WCMKB00024,Peripherals,,1,unit,,,,,Good,,2014077,15/03/2024,0,Malfunctioning keys,1,Machinery and Equipment,ICT Equipment,,,,,,,,,,,,,,,,,
76,WCMKB00025,Peripherals,,1,unit,,,,,Good,,2014077,16/03/2024,0,Malfunctioning keys,1,Machinery and Equipment,ICT Equipment,,,,,,,,,,,,,,,,,
77,WCMMSE00013,Peripherals,,1,unit,,,,,Good,,2014077,17/03/2024,0,Faulty button,1,Machinery and Equipment,ICT Equipment,,,,,,,,,,,,,,,,,
78,WCMMSE00014,Peripherals,,1,unit,,,,,Good,,2014077,18/03/2024,0,Faulty button,1,Machinery and Equipment,ICT Equipment,,,,,,,,,,,,,,,,,
79,WCMMSE00015,Peripherals,,1,unit,,,,,Good,,2014077,19/03/2024,0,Faulty button,1,Machinery and Equipment,ICT Equipment,,,,,,,,,,,,,,,,,
80,WCMMSE00016,Peripherals,,1,unit,,,,,Good,,2014077,20/03/2024,0,Faulty button,1,Machinery and Equipment,ICT Equipment,,,,,,,,,,,,,,,,,
81,WCMMSE00017,Peripherals,,1,unit,,,,,Good,,2014077,21/03/2024,0,Faulty button,1,Machinery and Equipment,ICT Equipment,,,,,,,,,,,,,,,,,
82,WCMMSE00018,Peripherals,,1,unit,,,,,Good,,2014077,22/03/2024,0,Faulty cable,1,Machinery and Equipment,ICT Equipment,,,,,,,,,,,,,,,,,
83,WCMMSE00019,Peripherals,,1,unit,,,,,Good,,2014077,23/03/2024,0,Faulty cable,1,Machinery and Equipment,ICT Equipment,,,,,,,,,,,,,,,,,
84,WCMVGA00001,Cables,,1,unit,,,,,Good,,2014077,24/03/2024,0,In good condition,1,Machinery and Equipment,ICT Equipment,,,,,,,,,,,,,,,,,
85,WCMVGA00002,Cables,,1,unit,,,,,Good,,2014077,25/03/2024,0,In good condition.,1,Machinery and Equipment,ICT Equipment,,,,,,,,,,,,,,,,,
86,WCMVGA00003,Cables,,1,unit,,,,,Good,,2014077,26/03/2024,0,In good condition,1,Machinery and Equipment,ICT Equipment,,,,,,,,,,,,,,,,,
87,WCMVGA00004,Cables,,1,unit,,,,,Good,,2014077,27/03/2024,0,In good condition,1,Machinery and Equipment,ICT Equipment,,,,,,,,,,,,,,,,,
88,WCMVGA00005,Cables,,1,unit,,,,,Good,,2014077,28/03/2024,0,In good condition,1,Machinery and Equipment,ICT Equipment,,,,,,,,,,,,,,,,,
89,WCMVGA00006,Cables,,1,unit,,,,,Good,,2014077,29/03/2024,0,In good condition,1,Machinery and Equipment,ICT Equipment,,,,,,,,,,,,,,,,,
90,WCMVGA00007,Cables,,1,unit,,,,,Good,,2014077,30/03/2024,0,In good condition,1,Machinery and Equipment,ICT Equipment,,,,,,,,,,,,,,,,,
91,WCMCBL00001,Cables,,1,unit,,,,,Good,,2014077,31/03/2024,0,In good condition,1,Machinery and Equipment,ICT Equipment,,,,,,,,,,,,,,,,,
92,WCMCBL00002,Cables,,1,unit,,,,,Good,,2014077,01/04/2024,0,In good condition,1,Machinery and Equipment,ICT Equipment,,,,,,,,,,,,,,,,,
93,WCMCBL00003,Cables,,1,unit,,,,,Good,,2014077,02/04/2024,0,In good condition,1,Machinery and Equipment,ICT Equipment,,,,,,,,,,,,,,,,,
94,WCMCBL00004,Cables,,1,unit,,,,,Good,,2014077,03/04/2024,0,In good condition,1,Machinery and Equipment,ICT Equipment,,,,,,,,,,,,,,,,,
95,WCMCBL00005,Cables,,1,unit,,,,,Good,,2014077,04/04/2024,0,In good condition,1,Machinery and Equipment,ICT Equipment,,,,,,,,,,,,,,,,,
96,WCMCBL00006,Cables,,1,unit,,,,,Good,,2014077,05/04/2024,0,In good condition,1,Machinery and Equipment,ICT Equipment,,,,,,,,,,,,,,,,,
97,WCMCBL00007,Cables,,1,unit,,,,,Good,,2014077,06/04/2024,0,In good condition,1,Machinery and Equipment,ICT Equipment,,,,,,,,,,,,,,,,,
98,WCMCBL00008,Cables,,1,unit,,,,,Good,,2014077,07/04/2024,0,In good condition,1,Machinery and Equipment,ICT Equipment,,,,,,,,,,,,,,,,,
99,WCMCBL00009,Cables,,1,unit,,,,,Good,,2014077,08/04/2024,0,In good condition,1,Machinery and Equipment,ICT Equipment,,,,,,,,,,,,,,,,,
100,WCMUTP00001,Cables,,1,unit,,,,,Good,,2014077,09/04/2024,0,not tested,1,Machinery and Equipment,ICT Equipment,,,,,,,,,,,,,,,,,
101,WCMUTP00002,Cables,,1,unit,,,,,Good,,2014077,10/04/2024,0,In good condition,1,Machinery and Equipment,ICT Equipment,,,,,,,,,,,,,,,,,
102,WCMUTP00003,Cables,,1,unit,,,,,Good,,2014077,11/04/2024,0,In good condition,1,Machinery and Equipment,ICT Equipment,,,,,,,,,,,,,,,,,
103,WCMUTP00004,Cables,,1,unit,,,,,Good,,2014077,12/04/2024,0,In good condition,1,Machinery and Equipment,ICT Equipment,,,,,,,,,,,,,,,,,
104,WCMUTP00005,Cables,,1,unit,,,,,Good,,2014077,13/04/2024,0,In good condition,1,Machinery and Equipment,ICT Equipment,,,,,,,,,,,,,,,,,
105,WCMUTP00006,Cables,,1,unit,,,,,Good,,2014077,14/04/2024,0,In good condition,1,Machinery and Equipment,ICT Equipment,,,,,,,,,,,,,,,,,
106,WCMUTP00007,Cables,,1,unit,,,,,Good,,2014077,15/04/2024,0,In good condition,1,Machinery and Equipment,ICT Equipment,,,,,,,,,,,,,,,,,
107,WCMUTP00008,Cables,,1,unit,,,,,Good,,2014077,16/04/2024,0,In good condition,1,Machinery and Equipment,ICT Equipment,,,,,,,,,,,,,,,,,
108,WCMCBL00010,Cables,,1,unit,,,,,Good,,2014077,17/04/2024,0,In good condition,1,Machinery and Equipment,ICT Equipment,,,,,,,,,,,,,,,,,
109,WCMCBL00011,Cables,,1,unit,,,,,Good,,2014077,18/04/2024,0,In good condition,1,Machinery and Equipment,ICT Equipment,,,,,,,,,,,,,,,,,
110,WCMKB00001,Peripherals,,1,unit,,,,,Good,,2014077,19/04/2024,0,In good condition,1,Machinery and Equipment,ICT Equipment,,,,,,,,,,,,,,,,,
111,WCMKB00002,Peripherals,,1,unit,,,,,Good,,2014077,20/04/2024,0,In good condition,1,Machinery and Equipment,ICT Equipment,,,,,,,,,,,,,,,,,
112,WCMKB00003,Cables,,1,unit,,,,,Good,,2014077,21/04/2024,0,not tested,1,Machinery and Equipment,ICT Equipment,,,,,,,,,,,,,,,,,
113,WCMKB00004,Peripherals,,1,unit,,,,,Good,,2014077,22/04/2024,0,not tested,1,Machinery and Equipment,ICT Equipment,,,,,,,,,,,,,,,,,
114,WCMKB00005,Peripherals,,1,unit,,,,,Good,,2014077,23/04/2024,0,not tested,1,Machinery and Equipment,ICT Equipment,,,,,,,,,,,,,,,,,
115,WCMKB00006,Peripherals,,1,unit,,,,,Good,,2014077,24/04/2024,0,not tested,1,Machinery and Equipment,ICT Equipment,,,,,,,,,,,,,,,,,
116,WCMKB00007,Peripherals,,1,unit,,,,,Good,,2014077,25/04/2024,0,not tested,1,Machinery and Equipment,ICT Equipment,,,,,,,,,,,,,,,,,
117,WCMMSE00001,Peripherals,,1,unit,,,,,Good,,2014077,26/04/2024,0,In good condition,1,Machinery and Equipment,ICT Equipment,,,,,,,,,,,,,,,,,
118,WCMMSE00002,Peripherals,,1,unit,,,,,Good,,2014077,27/04/2024,0,not tested,1,Machinery and Equipment,ICT Equipment,,,,,,,,,,,,,,,,,
119,WCMMSE00003,Peripherals,,1,unit,,,,,Good,,2014077,28/04/2024,0,not tested,1,Machinery and Equipment,ICT Equipment,,,,,,,,,,,,,,,,,
120,WCMMSE00004,Peripherals,,1,unit,,,,,Good,,2014077,29/04/2024,0,not tested,1,Machinery and Equipment,ICT Equipment,,,,,,,,,,,,,,,,,
121,WCMMSE00005,Peripherals,,1,unit,,,,,Good,,2014077,30/04/2024,0,not tested,1,Machinery and Equipment,ICT Equipment,,,,,,,,,,,,,,,,,
122,WCMMSE00006,Peripherals,,1,unit,,,,,Good,,2014077,01/05/2024,0,In good condition,1,Machinery and Equipment,ICT Equipment,,,,,,,,,,,,,,,,,
123,WCMVGA00008,Cables,,1,unit,,,,,Good,,2014077,02/05/2024,0,In good condition,1,Machinery and Equipment,ICT Equipment,,,,,,,,,,,,,,,,,
124,WCMVGA00009,Cables,,1,unit,,,,,Good,,2014077,03/05/2024,0,In good condition,1,Machinery and Equipment,ICT Equipment,,,,,,,,,,,,,,,,,
125,WCMVGA00010,Cables,,1,unit,,,,,Good,,2014077,04/05/2024,0,In good condition,1,Machinery and Equipment,ICT Equipment,,,,,,,,,,,,,,,,,
126,WCMVGA00011,Cables,,1,unit,,,,,Good,,2014077,05/05/2024,0,In good condition,1,Machinery and Equipment,ICT Equipment,,,,,,,,,,,,,,,,,
127,WCMVGA00012,Cables,,1,unit,,,,,Good,,2014077,06/05/2024,0,In good condition,1,Machinery and Equipment,ICT Equipment,,,,,,,,,,,,,,,,,
128,WCMCBL00012,Cables,,1,unit,,,,,Good,,2014077,07/05/2024,0,In good condition,1,Machinery and Equipment,ICT Equipment,,,,,,,,,,,,,,,,,
129,WCMCBL00013,Cables,,1,unit,,,,,Good,,2014077,08/05/2024,0,In good condition,1,Machinery and Equipment,ICT Equipment,,,,,,,,,,,,,,,,,
130,WCMCBL00014,Cables,,1,unit,,,,,Good,,2014077,09/05/2024,0,In good condition,1,Machinery and Equipment,ICT Equipment,,,,,,,,,,,,,,,,,
131,WCMCBL00015,Cables,,1,unit,,,,,Good,,2014077,10/05/2024,0,In good condition,1,Machinery and Equipment,ICT Equipment,,,,,,,,,,,,,,,,,
132,WCMCBL00016,Cables,,1,unit,,,,,Good,,2014077,11/05/2024,0,In good condition,1,Machinery and Equipment,ICT Equipment,,,,,,,,,,,,,,,,,
133,WCMCBL00017,Cables,,1,unit,,,,,Good,,2014077,12/05/2024,0,In good condition,1,Machinery and Equipment,ICT Equipment,,,,,,,,,,,,,,,,,
134,WCMUTP00009,Cables,,1,unit,,,,,Good,,2014077,13/05/2024,0,In good condition,1,Machinery and Equipment,ICT Equipment,,,,,,,,,,,,,,,,,
135,WCMUTP00010,Cables,,1,unit,,,,,Good,,2014077,14/05/2024,0,In good condition,1,Machinery and Equipment,ICT Equipment,,,,,,,,,,,,,,,,,
136,WCMUTP00011,Cables,,1,unit,,,,,Good,,2014077,15/05/2024,0,In good condition,1,Machinery and Equipment,ICT Equipment,,,,,,,,,,,,,,,,,
137,WCMUTP00012,Cables,,1,unit,,,,,Good,,2014077,16/05/2024,0,In good condition,1,Machinery and Equipment,ICT Equipment,,,,,,,,,,,,,,,,,
138,WCMKB00008,Peripherals,,1,unit,,,,,Good,,2014077,17/05/2024,0,In good condition,1,Machinery and Equipment,ICT Equipment,,,,,,,,,,,,,,,,,
139,WCMKB00009,Peripherals,,1,unit,,,,,Good,,2014077,18/05/2024,0,In good condition,1,Machinery and Equipment,ICT Equipment,,,,,,,,,,,,,,,,,
140,WCMKB00010,Peripherals,,1,unit,,,,,Good,,2014077,19/05/2024,0,In good condition,1,Machinery and Equipment,ICT Equipment,,,,,,,,,,,,,,,,,
141,WCMKB00011,Peripherals,,1,unit,,,,,Good,,2014077,20/05/2024,0,In good condition,1,Machinery and Equipment,ICT Equipment,,,,,,,,,,,,,,,,,
142,WCMKB00012,Peripherals,,1,unit,,,,,Good,,2014077,21/05/2024,0,,1,Machinery and Equipment,ICT Equipment,,,,,,,,,,,,,,,,,
143,WCMMSE00007,Peripherals,,1,unit,,,,,Good,,2014077,22/05/2024,0,In good condition,1,Machinery and Equipment,ICT Equipment,,,,,,,,,,,,,,,,,
144,WCMMSE00008,Peripherals,,1,unit,,,,,Good,,2014077,23/05/2024,0,In good condition,1,Machinery and Equipment,ICT Equipment,,,,,,,,,,,,,,,,,
145,WCMMSE00009,Peripherals,,1,unit,,,,,Good,,2014077,24/05/2024,0,In good condition,1,Machinery and Equipment,ICT Equipment,,,,,,,,,,,,,,,,,
146,WCMMSE00010,Peripherals,,1,unit,,,,,Good,,2014077,25/05/2024,0,In good condition,1,Machinery and Equipment,ICT Equipment,,,,,,,,,,,,,,,,,
147,WCMMSE00011,Peripherals,,1,unit,,,,,Good,,2014077,26/05/2024,0,,1,Machinery and Equipment,ICT Equipment,,,,,,,,,,,,,,,,,
148,WCMCBL00018,Cables,,1,unit,,,,,Good,,2014077,27/05/2024,0,In good condition,1,Machinery and Equipment,ICT Equipment,,,,,,,,,,,,,,,,,
149,WCMCBL00019,Cables,,1,unit,,,,,Good,,2014077,28/05/2024,0,In good condition,1,Machinery and Equipment,ICT Equipment,,,,,,,,,,,,,,,,,
150,WCMCBL00020,Cables,,1,unit,,,,,Good,,2014077,29/05/2024,0,In good condition,1,Machinery and Equipment,ICT Equipment,,,,,,,,,,,,,,,,,
151,WCMCBL00021,Cables,,1,unit,,,,,Good,,2014077,30/05/2024,0,In good condition,1,Machinery and Equipment,ICT Equipment,,,,,,,,,,,,,,,,,
152,TL-WN725N,Peripherals,,1,unit,,,221B1C7009837,,Good,,2014077,31/05/2024,0,In good condition,1,Machinery and Equipment,ICT Equipment,,,,,,,,,,,,,,,,,
153,WCMHDMI00003,Cables,,1,unit,,,,,Good,,2014077,01/06/2024,0,excellent working condition,1,Machinery and Equipment,ICT Equipment,,,,,,,,,,,,,,,,,
154,WCMHDMI00004,Cables,,1,unit,,,,,Good,,2014077,02/06/2024,0,excellent working condition,1,Machinery and Equipment,ICT Equipment,,,,,,,,,,,,,,,,,
155,WCMHDMI00005,Cables,,1,unit,,,,,Good,,2014077,03/06/2024,0,excellent working condition,1,Machinery and Equipment,ICT Equipment,,,,,,,,,,,,,,,,,
156,WCMHDMI00006,Cables,,1,unit,,,,,Good,,2014077,04/06/2024,0,excellent working condition,1,Machinery and Equipment,ICT Equipment,,,,,,,,,,,,,,,,,
157,WCMHDMI00007,Cables,,1,unit,,,,,Good,,2014077,05/06/2024,0,excellent working condition,1,Machinery and Equipment,ICT Equipment,,,,,,,,,,,,,,,,,
158,WCMHDMI00008,Cables,,1,unit,,,,,Good,,2014077,06/06/2024,0,excellent working condition,1,Machinery and Equipment,ICT Equipment,,,,,,,,,,,,,,,,,
159,WCMHDMI00009,Cables,,1,unit,,,,,Good,,2014077,07/06/2024,0,excellent working condition,1,Machinery and Equipment,ICT Equipment,,,,,,,,,,,,,,,,,
160,WCMHDMI00010,Cables,,1,unit,,,,,Good,,2014077,08/06/2024,0,excellent working condition,1,Machinery and Equipment,ICT Equipment,,,,,,,,,,,,,,,,,
161,WCMHDMI00011,Cables,,1,unit,,,,,Good,,2014077,09/06/2024,0,excellent working condition,1,Machinery and Equipment,ICT Equipment,,,,,,,,,,,,,,,,,
162,Comlab Server system unit,System Unit,,1,unit,,,4150255,,Good,,2014077,10/06/2024,0,in good working condition,1,Machinery and Equipment,ICT Equipment,,,,,,,,,,,,,,,,,
163,S2110FUJIXEROX,Copier,,1,unit,Fuji Xerox,DocuCentre S2110,,,Good,,2014077,11/06/2024,0,Brand new,1,Machinery and Equipment,ICT Equipment,,,,,,,,,,,,,,,,,
164,WCMPRINT0001,Printer,,1,unit,HP,HP Deskjet 2336,,,Good,,2014077,12/06/2024,0,Good working condition,1,Machinery and Equipment,ICT Equipment,,,,,,,,,,,,,,,,,
165,WCMMON0001,Monitor,,1,unit,,,,,Good,,2014077,13/06/2024,0,"Defective monitor, black circular spot on the bottom screen",1,Machinery and Equipment,ICT Equipment,,,,,,,,,,,,,,,,,
166,WCMMON0002,Monitor,,1,unit,AOC,,,,Good,,2014077,14/06/2024,0,good working condition,1,Machinery and Equipment,ICT Equipment,,,,,,,,,,,,,,,,,
167,WCMKB00026,Peripherals,,1,unit,,A4TECH USB KEYBOARD,,,Good,,2014077,15/06/2024,0,Good working condition,1,Machinery and Equipment,ICT Equipment,,,,,,,,,,,,,,,,,
168,WCM-FEMO-001501,Smart TV,,1,unit,TCL,"TCL Smart LED 52""",,,Good,,2014077,16/06/2024,0,Working. Installed on Room304,1,Machinery and Equipment,ICT Equipment,,,,,,,,,,,,,,,,,
169,WCM-FEMO-001502,Smart TV,,1,unit,TCL,"TCL Smart LED 52""",,,Good,,2014077,17/06/2024,0,Working. Installed on Room305,1,Machinery and Equipment,ICT Equipment,,,,,,,,,,,,,,,,,
170,WCM-FEMO-001503,Smart TV,,1,unit,TCL,"TCL Smart LED 52""",,,Good,,2014077,18/06/2024,0,Working. Installed on Room306,1,Machinery and Equipment,ICT Equipment,,,,,,,,,,,,,,,,,
171,WCM-FEMO-001504,Smart TV,,1,unit,TCL,"TCL Smart LED 52"" TV",,,Good,,2014077,19/06/2024,0,Working. Installed on Room307,1,Machinery and Equipment,ICT Equipment,,,,,,,,,,,,,,,,,
172,TL-WN725N,Wi-Fi Dongle,,1,unit,TP-Link,wireless N,,,Good,,2014077,20/06/2024,0,In use for Sir Joy's laptop wireless connection,1,Machinery and Equipment,ICT Equipment,,,,,,,,,,,,,,,,,
173,WCMWLR00003,Wi-Fi Router,,1,unit,Linksys,WRT54G2 V1,CSV01H5S2318,,Good,,2014077,21/06/2024,0,Inactive,1,Machinery and Equipment,ICT Equipment,,,,,,,,,,,,,,,,,
174,WCMWLR00005,Ethernet Broadband Router,,1,unit,D-Link,DI-604,DY01878010091,,Good,,2014077,22/06/2024,0,Defective,1,Machinery and Equipment,ICT Equipment,,,,,,,,,,,,,,,,,
175,WCMWLR00010,Wi-Fi Router,,1,unit,FiberHome,,,,Good,,2014077,23/06/2024,0,Defective,1,Machinery and Equipment,ICT Equipment,,,,,,,,,,,,,,,,,
176,WCMWLR00011,Wi-Fi Router,,1,unit,ZTE,,,,Good,,2014077,24/06/2024,0,Defective,1,Machinery and Equipment,ICT Equipment,,,,,,,,,,,,,,,,,
177,WCMCPU0001,CPU/Processor,,1,unit,HP,,,,Good,,2014077,25/06/2024,0,"HP Slim Type CPU, OS:Win7",1,Machinery and Equipment,ICT Equipment,,,,,,,,,,,,,,,,,
178,WCMCPU0002,CPU/Processor,,1,unit,HP,,,,Good,,2014077,26/06/2024,0,HP slim type CPU donated by Ma'am Emelyn,1,Machinery and Equipment,ICT Equipment,,,,,,,,,,,,,,,,,
179,WCMHDMI00002,Cables,,1,unit,,,,,Good,,2014077,27/06/2024,0,with attachments,1,Machinery and Equipment,ICT Equipment,,,,,,,,,,,,,,,,,
180,WCMCBL00031,Cables,,1,unit,,,,,Good,,2014077,28/06/2024,0,In good condition,1,Machinery and Equipment,ICT Equipment,,,,,,,,,,,,,,,,,
181,WCMCBL00048,Cables,,1,unit,,,,,Good,,2014077,29/06/2024,0,In good condition,1,Machinery and Equipment,ICT Equipment,,,,,,,,,,,,,,,,,
182,WCMHDMI102,Cables,,1,unit,,,,,Good,,2014077,30/06/2024,0,,1,Machinery and Equipment,ICT Equipment,,,,,,,,,,,,,,,,,
183,WCMUSB CABLE/PRINTER,,,1,unit,,,,,Good,,2014077,01/07/2024,0,"tested,in good condition",1,Machinery and Equipment,ICT Equipment,,,,,,,,,,,,,,,,,
184,WCMCisco1941series,,,1,unit,,,Cisco1941Series,,Good,,2014077,02/07/2024,0,not tested,1,Machinery and Equipment,ICT Equipment,,,,,,,,,,,,,,,,,
185,WCMWLR00001,Wi-Fi Router,,1,unit,TP-Link,TL-WR840N,2.20E+12,,Good,,2014077,03/07/2024,0,Spare,1,Machinery and Equipment,ICT Equipment,,,,,,,,,,,,,,,,,
186,WCMWLR00002,Wi-Fi Router,,1,unit,TP-Link,TL-WR840N,,,Good,,2014077,04/07/2024,0,Spare,1,Machinery and Equipment,ICT Equipment,,,,,,,,,,,,,,,,,
187,WCMWLR00004,Wi-Fi Router,,1,unit,ZyXEL,VMG3926-B10B,S160Y20034191,,Good,,2014077,05/07/2024,0,MAC: 60319710EA80,1,Machinery and Equipment,ICT Equipment,,,,,,,,,,,,,,,,,
